<?xml version="1.0" encoding="utf-8"?>
<reader pagesPerRefresh="5">
	<fonts>
		<font name="Amasis" regular="AmasisMTW1G.otf" italic="AmasisMTW1G-Italic.otf" bold="AmasisMTW1G-Bold.otf" bolditalic="AmasisMTW1G-BoldItalic.otf" />
		<font name="Palatino Nova" regular="PalatinoNovaW1G-Regular.otf" italic="PalatinoNovaW1G-Italic.otf" bold="PalatinoNovaW1G-Bold.otf" bolditalic="PalatinoNovaW1G-BoldItalic.otf" />
		<font name="Really No 2" regular="ReallyNo2LTW1G-Regular.otf" italic="ReallyNo2LTW1G-Italic.otf" bold="ReallyNo2LTW1G-Bold.otf" bolditalic="ReallyNo2LTW1G-BoldItalic.otf" />
		<font name="Frutiger" regular="FrutigerNeueLTW1G-Regular.otf" italic="FrutigerNeueLTW1G-Italic.otf" bold="FrutigerNeueLTW1G-Bold.otf" bolditalic="FrutigerNeueLTW1G-BoldItalic.otf" />
		<font name="Univers Next" regular="UniversNextW1G-Regular.otf" italic="UniversNextW1G-Italic.otf" bold="UniversNextW1G-Bold.otf" bolditalic="UniversNextW1G-BoldItalic.otf" />
		<font name="DroidSansFallback" path="../../mnt/sdcard/fonts/" regular="_EPUB.ttf" italic="_EPUB.ttf" bold="_EPUB.ttf" bolditalic="_EPUB.ttf" />
	</fonts>
</reader>
